imgPath,findSuccess,timestamp,illum_state,waterLevel,waterLevelAdjusted,xRMSE, yRMSE, EuclidDistRMSE,waterLine-octagon-angle-diff,calcLinePts-angle,calcLinePts-lftPixel-x,calcLinePts-lftPixel-y,calcLinePts-ctrPixel-x,calcLinePts-ctrPixel-y,calcLinePts-rgtPixel-x,calcLinePts-rgtPixel-y,calcLinePts-lftWorld-x,calcLinePts-lftWorld-y,calcLinePts-ctrWorld-x,calcLinePts-ctrWorld-y,calcLinePts-rgtWorld-x,calcLinePts-rgtWorld-y,refMovePts-angle,refMovePts-lftPixel-x,refMovePts-lftPixel-y,refMovePts-ctrPixel-x,refMovePts-ctrPixel-y,refMovePts-rgtPixel-x,refMovePts-rgtPixel-y,refMovePts-lftWorld-x,refMovePts-lftWorld-y,refMovePts-ctrWorld-x,refMovePts-ctrWorld-y,refMovePts-rgtWorld-x,refMovePts-rgtWorld-y,foundMovePts-angle,foundMovePts-lftPixel-x,foundMovePts-lftPixel-y,foundMovePts-ctrPixel-x,foundMovePts-ctrPixel-y,foundMovePts-rgtPixel-x,foundMovePts-rgtPixel-y,foundMovePts-lftWorld-x,foundMovePts-lftWorld-y,foundMovePts-ctrWorld-x,foundMovePts-ctrWorld-y,foundMovePts-rgtWorld-x,foundMovePts-rgtWorld-y,offsetMovePts-angle,offsetMovePts-lftPixel-x,offsetMovePts-lftPixel-y,offsetMovePts-ctrPixel-x,offsetMovePts-ctrPixel-y,offsetMovePts-rgtPixel-x,offsetMovePts-rgtPixel-y,offsetMovePts-lftWorld-x,offsetMovePts-lftWorld-y,offsetMovePts-ctrWorld-x,offsetMovePts-ctrWorld-y,offsetMovePts-rgtWorld-x,offsetMovePts-rgtWorld-y,foundPts[0]-x,foundPts[0]-y,foundPts[1]-x,foundPts[1]-y,foundPts[2]-x,foundPts[2]-y,foundPts[3]-x,foundPts[3]-y,foundPts[4]-x,foundPts[4]-y,foundPts[5]-x,foundPts[5]-y,foundPts[6]-x,foundPts[6]-y,foundPts[7]-x,foundPts[7]-y,foundPts[8]-x,foundPts[8]-y,foundPts[9]-x,foundPts[9]-y,...
G:/2021_KOLA/UNK Images and Field Data/UNK Images and Field Data/20220820/20220820_1515_GC_KOLA.JPG,true,2022-08-20T15:15:00,Off,0.481,0.481,0.000,-0.005,0.005,0.208,0.444,0.000,938.762,1157.000,966.181,2303.000,993.340,-6.716,0.424,0.606,0.481,7.833,0.537,-99999.000,1070.965,669.496,1117.640,670.772,1164.315,672.047,0.005,2.324,0.299,2.325,0.593,2.326,-99999.000,1070.965,669.496,1117.640,670.772,1164.315,672.047,0.005,2.324,0.299,2.325,0.593,2.326,-99999.000,0.000,0.000,0.000,0.000,0.000,0.000,0.000,0.000,0.000,0.000,0.000,0.000,1241.000,967.050,1222.500,968.750,1207.500,966.500,1192.500,963.542,1177.500,965.160,1162.500,970.032,1147.500,970.520,1102.500,961.147
G:/2021_KOLA/UNK Images and Field Data/UNK Images and Field Data/20220825_20220911/20220825_1800_GC_KOLA.JPG,false,2022-08-25T18:00:00,N/A,-1.000,-9999999.900,-9999999.000,-9999999.000,-9999999.000,0.000,-99999.000,-1.000,-1.000,0.000,0.000,-1.000,-1.000,-1.000,-1.000,-1.000,-1.000,-1.000,-1.000,-99999.000,-1.000,-1.000,0.000,0.000,-1.000,-1.000,-1.000,-1.000,-1.000,-1.000,-1.000,-1.000,-99999.000,-1.000,-1.000,0.000,0.000,-1.000,-1.000,-1.000,-1.000,-1.000,-1.000,-1.000,-1.000,-99999.000,-1.000,-1.000,0.000,0.000,-1.000,-1.000,-1.000,-1.000,-1.000,-1.000,-1.000,-1.000,
G:/2021_KOLA/UNK Images and Field Data/UNK Images and Field Data/20220825_20220911/20220911_1615_GC_KOLA.JPG,false,2022-09-11T16:15:00,N/A,-1.000,-9999999.900,-9999999.000,-9999999.000,-9999999.000,0.000,-99999.000,-1.000,-1.000,0.000,0.000,-1.000,-1.000,-1.000,-1.000,-1.000,-1.000,-1.000,-1.000,-99999.000,-1.000,-1.000,0.000,0.000,-1.000,-1.000,-1.000,-1.000,-1.000,-1.000,-1.000,-1.000,-99999.000,-1.000,-1.000,0.000,0.000,-1.000,-1.000,-1.000,-1.000,-1.000,-1.000,-1.000,-1.000,-99999.000,-1.000,-1.000,0.000,0.000,-1.000,-1.000,-1.000,-1.000,-1.000,-1.000,-1.000,-1.000,
G:/2021_KOLA/UNK Images and Field Data/UNK Images and Field Data/20220825_20220911/20220911_1200_GC_KOLA.JPG,false,2022-09-11T12:00:00,N/A,-1.000,-9999999.900,-9999999.000,-9999999.000,-9999999.000,0.000,-99999.000,-1.000,-1.000,0.000,0.000,-1.000,-1.000,-1.000,-1.000,-1.000,-1.000,-1.000,-1.000,-99999.000,-1.000,-1.000,0.000,0.000,-1.000,-1.000,-1.000,-1.000,-1.000,-1.000,-1.000,-1.000,-99999.000,-1.000,-1.000,0.000,0.000,-1.000,-1.000,-1.000,-1.000,-1.000,-1.000,-1.000,-1.000,-99999.000,-1.000,-1.000,0.000,0.000,-1.000,-1.000,-1.000,-1.000,-1.000,-1.000,-1.000,-1.000,
G:/2021_KOLA/UNK Images and Field Data/UNK Images and Field Data/20220825_20220911/20220911_1615_GC_KOLA.JPG,false,2022-09-11T16:15:00,N/A,-1.000,-9999999.900,-9999999.000,-9999999.000,-9999999.000,0.000,-99999.000,-1.000,-1.000,0.000,0.000,-1.000,-1.000,-1.000,-1.000,-1.000,-1.000,-1.000,-1.000,-99999.000,-1.000,-1.000,0.000,0.000,-1.000,-1.000,-1.000,-1.000,-1.000,-1.000,-1.000,-1.000,-99999.000,-1.000,-1.000,0.000,0.000,-1.000,-1.000,-1.000,-1.000,-1.000,-1.000,-1.000,-1.000,-99999.000,-1.000,-1.000,0.000,0.000,-1.000,-1.000,-1.000,-1.000,-1.000,-1.000,-1.000,-1.000,
G:/2021_KOLA/UNK Images and Field Data/UNK Images and Field Data/20220825_20220911/20220911_1615_GC_KOLA.JPG,false,2022-09-11T16:15:00,N/A,-1.000,-9999999.900,-9999999.000,-9999999.000,-9999999.000,0.000,-99999.000,-1.000,-1.000,0.000,0.000,-1.000,-1.000,-1.000,-1.000,-1.000,-1.000,-1.000,-1.000,-99999.000,-1.000,-1.000,0.000,0.000,-1.000,-1.000,-1.000,-1.000,-1.000,-1.000,-1.000,-1.000,-99999.000,-1.000,-1.000,0.000,0.000,-1.000,-1.000,-1.000,-1.000,-1.000,-1.000,-1.000,-1.000,-99999.000,-1.000,-1.000,0.000,0.000,-1.000,-1.000,-1.000,-1.000,-1.000,-1.000,-1.000,-1.000,
G:/2021_KOLA/UNK Images and Field Data/UNK Images and Field Data/20220825_20220911/20220825_1800_GC_KOLA.JPG,true,2022-08-25T18:00:00,Off,0.869,0.869,-0.019,-0.294,0.295,-0.102,0.168,0.000,836.159,971.500,856.943,2303.000,885.428,-4.594,0.854,0.485,0.869,7.154,0.889,-99999.000,865.481,579.029,925.391,580.204,985.301,581.378,0.003,2.327,0.300,2.327,0.597,2.327,-99999.000,865.481,579.029,925.391,580.204,985.301,581.378,0.003,2.327,0.300,2.327,0.597,2.327,-99999.000,0.000,0.000,0.000,0.000,0.000,0.000,0.000,0.000,0.000,0.000,0.000,0.000,1064.000,859.090,1035.500,858.062,1014.500,857.568,993.500,858.018,972.500,857.167,951.500,856.048,930.500,856.078,909.500,855.558,888.500,855.067,867.500,855.052
G:/2021_KOLA/UNK Images and Field Data/UNK Images and Field Data/20220825_20220911/20220911_1615_GC_KOLA.JPG,true,2022-09-11T16:15:00,Off,0.809,0.809,-0.135,-0.708,0.721,-0.624,-0.120,0.000,744.349,971.500,756.521,2303.000,773.203,-4.331,0.819,0.718,0.809,7.277,0.795,-99999.000,805.981,472.405,866.587,472.504,927.193,472.603,0.004,2.325,0.302,2.326,0.599,2.326,-99999.000,805.981,472.405,866.587,472.504,927.193,472.603,0.004,2.325,0.302,2.326,0.599,2.326,-99999.000,0.000,0.000,0.000,0.000,0.000,0.000,0.000,0.000,0.000,0.000,0.000,0.000,1064.000,757.002,1035.500,757.028,1014.500,757.546,972.500,758.005,951.500,756.013,930.500,756.010,909.500,755.552,888.500,756.010,867.500,754.023
G:/2021_KOLA/UNK Images and Field Data/UNK Images and Field Data/20220825_20220911/20220825_1800_GC_KOLA.JPG,true,2022-08-25T18:00:00,Off,0.869,0.869,-0.019,-0.294,0.295,-0.124,0.146,0.000,835.803,971.500,856.948,2303.000,885.928,-4.594,0.856,0.485,0.869,7.154,0.886,-99999.000,865.481,579.029,925.391,580.204,985.301,581.378,0.003,2.327,0.300,2.327,0.597,2.327,-99999.000,865.481,579.029,925.391,580.204,985.301,581.378,0.003,2.327,0.300,2.327,0.597,2.327,-99999.000,0.000,0.000,0.000,0.000,0.000,0.000,0.000,0.000,0.000,0.000,0.000,0.000,1064.000,859.090,1035.500,858.062,1014.500,857.568,993.500,858.018,972.500,857.167,951.500,856.048,930.500,856.078,909.500,855.558,888.500,855.067,867.500,855.052
G:/2021_KOLA/UNK Images and Field Data/UNK Images and Field Data/20220825_20220911/20220911_1615_GC_KOLA.JPG,true,2022-09-11T16:15:00,Off,0.809,0.809,-0.135,-0.708,0.721,-0.638,-0.134,0.000,744.097,971.500,756.497,2303.000,773.491,-4.330,0.821,0.718,0.809,7.277,0.794,-99999.000,805.981,472.405,866.587,472.504,927.193,472.603,0.004,2.325,0.302,2.326,0.599,2.326,-99999.000,805.981,472.405,866.587,472.504,927.193,472.603,0.004,2.325,0.302,2.326,0.599,2.326,-99999.000,0.000,0.000,0.000,0.000,0.000,0.000,0.000,0.000,0.000,0.000,0.000,0.000,1064.000,757.002,1035.500,757.028,1014.500,757.546,972.500,758.005,951.500,756.013,930.500,756.010,909.500,755.552,888.500,756.010,867.500,754.023
G:/2021_KOLA/UNK Images and Field Data/UNK Images and Field Data/20220825_20220911/20220831_1245_GC_KOLA.JPG,true,2022-08-31T12:45:00,Off,0.592,0.592,0.004,-0.065,0.065,-0.704,0.071,0.000,767.013,971.500,780.538,2303.000,799.075,-4.903,0.585,0.291,0.592,6.743,0.600,-99999.000,893.002,452.547,953.513,452.646,1014.024,452.745,0.002,2.326,0.300,2.326,0.597,2.326,-99999.000,893.002,452.547,953.513,452.646,1014.024,452.745,0.002,2.326,0.300,2.326,0.597,2.326,-99999.000,0.000,0.000,0.000,0.000,0.000,0.000,0.000,0.000,0.000,0.000,0.000,0.000,1064.000,780.091,1035.500,783.040,1014.500,781.750,993.500,781.033,972.500,781.029,951.500,779.045,930.500,779.067,909.500,778.525,888.500,781.500,867.500,779.167
G:/2021_KOLA/UNK Images and Field Data/UNK Images and Field Data/20220825_20220911/20220829_0415_GC_KOLA.JPG,true,2022-08-29T04:15:00,On,0.399,0.399,0.010,-0.146,0.147,-0.054,1.002,0.000,812.654,971.500,813.562,2303.000,814.806,-5.002,0.308,0.210,0.399,6.675,0.512,-99999.000,905.629,451.000,966.188,451.000,1026.747,451.000,0.002,2.325,0.300,2.326,0.597,2.327,-99999.000,905.629,451.000,966.188,451.000,1026.747,451.000,0.002,2.325,0.300,2.326,0.597,2.327,-99999.000,0.000,0.000,0.000,0.000,0.000,0.000,0.000,0.000,0.000,0.000,0.000,0.000,1064.000,813.040,1035.500,814.083,1014.500,813.583,993.500,814.100,972.500,813.070,951.500,813.043,930.500,814.028,909.500,813.558,888.500,814.031,867.500,813.050
G:/2021_KOLA/UNK Images and Field Data/UNK Images and Field Data/20220825_20220911/20220825_1800_GC_KOLA.JPG,true,2022-08-25T18:00:00,Off,0.869,0.869,-0.019,-0.294,0.295,-0.099,0.172,0.000,836.211,971.500,856.936,2303.000,885.341,-4.595,0.854,0.485,0.869,7.154,0.889,-99999.000,865.481,579.029,925.391,580.204,985.301,581.378,0.003,2.327,0.300,2.327,0.597,2.327,-99999.000,865.481,579.029,925.391,580.204,985.301,581.378,0.003,2.327,0.300,2.327,0.597,2.327,-99999.000,0.000,0.000,0.000,0.000,0.000,0.000,0.000,0.000,0.000,0.000,0.000,0.000,1064.000,859.090,1035.500,858.062,1014.500,857.568,993.500,858.018,972.500,857.167,951.500,856.048,930.500,856.078,909.500,855.558,888.500,855.067,867.500,855.052
