{
  "calibType":"Octagon",
  "imageWidth":2304,
  "imageHeight":1296,
  "facetLength":0.598,
  "zeroOffset":3.77,
  "PixelToWorld": 
  {
    "points": [
      { "pixelX": 1101.468, "pixelY": 479.718, "worldX": 0.000, "worldY": 0.000 },
      { "pixelX": 1195.233, "pixelY": 483.101, "worldX": 0.598, "worldY": 0.000 },
      { "pixelX": 1260.311, "pixelY": 552.556, "worldX": 1.021, "worldY": -0.423 },
      { "pixelX": 1256.977, "pixelY": 647.806, "worldX": 1.021, "worldY": -1.021 },
      { "pixelX": 1186.398, "pixelY": 713.410, "worldX": 0.598, "worldY": -1.444 },
      { "pixelX": 1092.804, "pixelY": 709.791, "worldX": 0.000, "worldY": -1.444 },
      { "pixelX": 1027.254, "pixelY": 639.871, "worldX": -0.423, "worldY": -1.021 },
      { "pixelX": 1030.553, "pixelY": 545.627, "worldX": -0.423, "worldY": -0.423 }
    ]
  },
  "TargetSearchRegion": 
  {
      "x": 943, "y": 390, "width": 389, "height": 401
  },
  "WaterlineSearchRegion": 
  {
      "toplft_x": 1095, "toplft_y": 760, "toprgt_x": 1262, "toprgt_y": 764, "botlft_x": 1081, "botlft_y": 1100, "botrgt_x": 1252, "botrgt_y": 1107
  },
  "SearchLines": [
      { "topX": 1095, "topY": 760, "botX": 1081, "botY": 1100 },
      { "topX": 1096, "topY": 760, "botX": 1082, "botY": 1100 },
      { "topX": 1097, "topY": 760, "botX": 1083, "botY": 1100 },
      { "topX": 1098, "topY": 760, "botX": 1084, "botY": 1100 },
      { "topX": 1099, "topY": 760, "botX": 1085, "botY": 1100 },
      { "topX": 1100, "topY": 760, "botX": 1086, "botY": 1100 },
      { "topX": 1101, "topY": 760, "botX": 1087, "botY": 1100 },
      { "topX": 1102, "topY": 760, "botX": 1088, "botY": 1100 },
      { "topX": 1103, "topY": 760, "botX": 1089, "botY": 1100 },
      { "topX": 1104, "topY": 760, "botX": 1090, "botY": 1100 },
      { "topX": 1105, "topY": 760, "botX": 1091, "botY": 1100 },
      { "topX": 1106, "topY": 760, "botX": 1092, "botY": 1100 },
      { "topX": 1107, "topY": 760, "botX": 1093, "botY": 1100 },
      { "topX": 1108, "topY": 760, "botX": 1094, "botY": 1101 },
      { "topX": 1109, "topY": 760, "botX": 1095, "botY": 1101 },
      { "topX": 1110, "topY": 760, "botX": 1096, "botY": 1101 },
      { "topX": 1111, "topY": 760, "botX": 1097, "botY": 1101 },
      { "topX": 1112, "topY": 760, "botX": 1098, "botY": 1101 },
      { "topX": 1113, "topY": 760, "botX": 1099, "botY": 1101 },
      { "topX": 1114, "topY": 760, "botX": 1100, "botY": 1101 },
      { "topX": 1115, "topY": 760, "botX": 1101, "botY": 1101 },
      { "topX": 1116, "topY": 760, "botX": 1102, "botY": 1101 },
      { "topX": 1116, "topY": 761, "botX": 1103, "botY": 1101 },
      { "topX": 1117, "topY": 761, "botX": 1104, "botY": 1101 },
      { "topX": 1118, "topY": 761, "botX": 1105, "botY": 1101 },
      { "topX": 1119, "topY": 761, "botX": 1106, "botY": 1101 },
      { "topX": 1120, "topY": 761, "botX": 1107, "botY": 1101 },
      { "topX": 1121, "topY": 761, "botX": 1108, "botY": 1101 },
      { "topX": 1122, "topY": 761, "botX": 1109, "botY": 1101 },
      { "topX": 1123, "topY": 761, "botX": 1110, "botY": 1101 },
      { "topX": 1124, "topY": 761, "botX": 1111, "botY": 1101 },
      { "topX": 1125, "topY": 761, "botX": 1112, "botY": 1101 },
      { "topX": 1126, "topY": 761, "botX": 1113, "botY": 1101 },
      { "topX": 1127, "topY": 761, "botX": 1114, "botY": 1101 },
      { "topX": 1128, "topY": 761, "botX": 1115, "botY": 1101 },
      { "topX": 1129, "topY": 761, "botX": 1116, "botY": 1101 },
      { "topX": 1130, "topY": 761, "botX": 1117, "botY": 1101 },
      { "topX": 1131, "topY": 761, "botX": 1118, "botY": 1102 },
      { "topX": 1132, "topY": 761, "botX": 1119, "botY": 1102 },
      { "topX": 1133, "topY": 761, "botX": 1120, "botY": 1102 },
      { "topX": 1134, "topY": 761, "botX": 1121, "botY": 1102 },
      { "topX": 1135, "topY": 761, "botX": 1122, "botY": 1102 },
      { "topX": 1136, "topY": 761, "botX": 1123, "botY": 1102 },
      { "topX": 1137, "topY": 761, "botX": 1124, "botY": 1102 },
      { "topX": 1138, "topY": 761, "botX": 1125, "botY": 1102 },
      { "topX": 1139, "topY": 761, "botX": 1126, "botY": 1102 },
      { "topX": 1140, "topY": 761, "botX": 1127, "botY": 1102 },
      { "topX": 1141, "topY": 761, "botX": 1128, "botY": 1102 },
      { "topX": 1142, "topY": 761, "botX": 1129, "botY": 1102 },
      { "topX": 1143, "topY": 761, "botX": 1130, "botY": 1102 },
      { "topX": 1144, "topY": 761, "botX": 1131, "botY": 1102 },
      { "topX": 1145, "topY": 761, "botX": 1132, "botY": 1102 },
      { "topX": 1146, "topY": 761, "botX": 1133, "botY": 1102 },
      { "topX": 1147, "topY": 761, "botX": 1134, "botY": 1102 },
      { "topX": 1148, "topY": 761, "botX": 1135, "botY": 1102 },
      { "topX": 1149, "topY": 761, "botX": 1136, "botY": 1102 },
      { "topX": 1150, "topY": 761, "botX": 1137, "botY": 1102 },
      { "topX": 1151, "topY": 761, "botX": 1138, "botY": 1102 },
      { "topX": 1152, "topY": 761, "botX": 1139, "botY": 1102 },
      { "topX": 1153, "topY": 761, "botX": 1140, "botY": 1102 },
      { "topX": 1154, "topY": 761, "botX": 1141, "botY": 1102 },
      { "topX": 1155, "topY": 761, "botX": 1142, "botY": 1102 },
      { "topX": 1156, "topY": 761, "botX": 1143, "botY": 1103 },
      { "topX": 1157, "topY": 761, "botX": 1144, "botY": 1103 },
      { "topX": 1158, "topY": 761, "botX": 1145, "botY": 1103 },
      { "topX": 1158, "topY": 762, "botX": 1146, "botY": 1103 },
      { "topX": 1159, "topY": 762, "botX": 1147, "botY": 1103 },
      { "topX": 1160, "topY": 762, "botX": 1148, "botY": 1103 },
      { "topX": 1161, "topY": 762, "botX": 1149, "botY": 1103 },
      { "topX": 1162, "topY": 762, "botX": 1150, "botY": 1103 },
      { "topX": 1163, "topY": 762, "botX": 1151, "botY": 1103 },
      { "topX": 1164, "topY": 762, "botX": 1152, "botY": 1103 },
      { "topX": 1165, "topY": 762, "botX": 1153, "botY": 1103 },
      { "topX": 1166, "topY": 762, "botX": 1154, "botY": 1103 },
      { "topX": 1167, "topY": 762, "botX": 1155, "botY": 1103 },
      { "topX": 1168, "topY": 762, "botX": 1156, "botY": 1103 },
      { "topX": 1169, "topY": 762, "botX": 1157, "botY": 1103 },
      { "topX": 1170, "topY": 762, "botX": 1158, "botY": 1103 },
      { "topX": 1171, "topY": 762, "botX": 1159, "botY": 1103 },
      { "topX": 1172, "topY": 762, "botX": 1160, "botY": 1103 },
      { "topX": 1173, "topY": 762, "botX": 1161, "botY": 1103 },
      { "topX": 1174, "topY": 762, "botX": 1162, "botY": 1103 },
      { "topX": 1175, "topY": 762, "botX": 1163, "botY": 1103 },
      { "topX": 1176, "topY": 762, "botX": 1164, "botY": 1103 },
      { "topX": 1177, "topY": 762, "botX": 1165, "botY": 1103 },
      { "topX": 1178, "topY": 762, "botX": 1166, "botY": 1103 },
      { "topX": 1179, "topY": 762, "botX": 1167, "botY": 1104 },
      { "topX": 1180, "topY": 762, "botX": 1168, "botY": 1104 },
      { "topX": 1181, "topY": 762, "botX": 1169, "botY": 1104 },
      { "topX": 1182, "topY": 762, "botX": 1170, "botY": 1104 },
      { "topX": 1183, "topY": 762, "botX": 1171, "botY": 1104 },
      { "topX": 1184, "topY": 762, "botX": 1172, "botY": 1104 },
      { "topX": 1185, "topY": 762, "botX": 1173, "botY": 1104 },
      { "topX": 1186, "topY": 762, "botX": 1174, "botY": 1104 },
      { "topX": 1187, "topY": 762, "botX": 1175, "botY": 1104 },
      { "topX": 1188, "topY": 762, "botX": 1176, "botY": 1104 },
      { "topX": 1189, "topY": 762, "botX": 1177, "botY": 1104 },
      { "topX": 1190, "topY": 762, "botX": 1178, "botY": 1104 },
      { "topX": 1191, "topY": 762, "botX": 1179, "botY": 1104 },
      { "topX": 1192, "topY": 762, "botX": 1180, "botY": 1104 },
      { "topX": 1193, "topY": 762, "botX": 1181, "botY": 1104 },
      { "topX": 1194, "topY": 762, "botX": 1182, "botY": 1104 },
      { "topX": 1195, "topY": 762, "botX": 1183, "botY": 1104 },
      { "topX": 1196, "topY": 762, "botX": 1184, "botY": 1104 },
      { "topX": 1197, "topY": 762, "botX": 1185, "botY": 1104 },
      { "topX": 1198, "topY": 762, "botX": 1186, "botY": 1104 },
      { "topX": 1199, "topY": 762, "botX": 1187, "botY": 1104 },
      { "topX": 1199, "topY": 763, "botX": 1188, "botY": 1104 },
      { "topX": 1200, "topY": 763, "botX": 1189, "botY": 1104 },
      { "topX": 1201, "topY": 763, "botX": 1190, "botY": 1104 },
      { "topX": 1202, "topY": 763, "botX": 1191, "botY": 1105 },
      { "topX": 1203, "topY": 763, "botX": 1192, "botY": 1105 },
      { "topX": 1204, "topY": 763, "botX": 1193, "botY": 1105 },
      { "topX": 1205, "topY": 763, "botX": 1194, "botY": 1105 },
      { "topX": 1206, "topY": 763, "botX": 1195, "botY": 1105 },
      { "topX": 1207, "topY": 763, "botX": 1196, "botY": 1105 },
      { "topX": 1208, "topY": 763, "botX": 1197, "botY": 1105 },
      { "topX": 1209, "topY": 763, "botX": 1198, "botY": 1105 },
      { "topX": 1210, "topY": 763, "botX": 1199, "botY": 1105 },
      { "topX": 1211, "topY": 763, "botX": 1200, "botY": 1105 },
      { "topX": 1212, "topY": 763, "botX": 1201, "botY": 1105 },
      { "topX": 1213, "topY": 763, "botX": 1202, "botY": 1105 },
      { "topX": 1214, "topY": 763, "botX": 1203, "botY": 1105 },
      { "topX": 1215, "topY": 763, "botX": 1204, "botY": 1105 },
      { "topX": 1216, "topY": 763, "botX": 1205, "botY": 1105 },
      { "topX": 1217, "topY": 763, "botX": 1206, "botY": 1105 },
      { "topX": 1218, "topY": 763, "botX": 1207, "botY": 1105 },
      { "topX": 1219, "topY": 763, "botX": 1208, "botY": 1105 },
      { "topX": 1220, "topY": 763, "botX": 1209, "botY": 1105 },
      { "topX": 1221, "topY": 763, "botX": 1210, "botY": 1105 },
      { "topX": 1222, "topY": 763, "botX": 1211, "botY": 1105 },
      { "topX": 1223, "topY": 763, "botX": 1212, "botY": 1105 },
      { "topX": 1224, "topY": 763, "botX": 1213, "botY": 1105 },
      { "topX": 1225, "topY": 763, "botX": 1214, "botY": 1105 },
      { "topX": 1226, "topY": 763, "botX": 1215, "botY": 1105 },
      { "topX": 1227, "topY": 763, "botX": 1216, "botY": 1106 },
      { "topX": 1228, "topY": 763, "botX": 1217, "botY": 1106 },
      { "topX": 1229, "topY": 763, "botX": 1218, "botY": 1106 },
      { "topX": 1230, "topY": 763, "botX": 1219, "botY": 1106 },
      { "topX": 1231, "topY": 763, "botX": 1220, "botY": 1106 },
      { "topX": 1232, "topY": 763, "botX": 1221, "botY": 1106 },
      { "topX": 1233, "topY": 763, "botX": 1222, "botY": 1106 },
      { "topX": 1234, "topY": 763, "botX": 1223, "botY": 1106 },
      { "topX": 1235, "topY": 763, "botX": 1224, "botY": 1106 },
      { "topX": 1236, "topY": 763, "botX": 1225, "botY": 1106 },
      { "topX": 1237, "topY": 763, "botX": 1226, "botY": 1106 },
      { "topX": 1238, "topY": 763, "botX": 1227, "botY": 1106 },
      { "topX": 1239, "topY": 763, "botX": 1228, "botY": 1106 },
      { "topX": 1240, "topY": 763, "botX": 1229, "botY": 1106 },
      { "topX": 1241, "topY": 763, "botX": 1230, "botY": 1106 },
      { "topX": 1241, "topY": 764, "botX": 1231, "botY": 1106 },
      { "topX": 1242, "topY": 764, "botX": 1232, "botY": 1106 },
      { "topX": 1243, "topY": 764, "botX": 1233, "botY": 1106 },
      { "topX": 1244, "topY": 764, "botX": 1234, "botY": 1106 },
      { "topX": 1245, "topY": 764, "botX": 1235, "botY": 1106 },
      { "topX": 1246, "topY": 764, "botX": 1236, "botY": 1106 },
      { "topX": 1247, "topY": 764, "botX": 1237, "botY": 1106 },
      { "topX": 1248, "topY": 764, "botX": 1238, "botY": 1106 },
      { "topX": 1249, "topY": 764, "botX": 1239, "botY": 1106 },
      { "topX": 1250, "topY": 764, "botX": 1240, "botY": 1107 },
      { "topX": 1251, "topY": 764, "botX": 1241, "botY": 1107 },
      { "topX": 1252, "topY": 764, "botX": 1242, "botY": 1107 },
      { "topX": 1253, "topY": 764, "botX": 1243, "botY": 1107 },
      { "topX": 1254, "topY": 764, "botX": 1244, "botY": 1107 },
      { "topX": 1255, "topY": 764, "botX": 1245, "botY": 1107 },
      { "topX": 1256, "topY": 764, "botX": 1246, "botY": 1107 },
      { "topX": 1257, "topY": 764, "botX": 1247, "botY": 1107 },
      { "topX": 1258, "topY": 764, "botX": 1248, "botY": 1107 },
      { "topX": 1259, "topY": 764, "botX": 1249, "botY": 1107 },
      { "topX": 1260, "topY": 764, "botX": 1250, "botY": 1107 },
      { "topX": 1261, "topY": 764, "botX": 1251, "botY": 1107 },
      { "topX": 1262, "topY": 764, "botX": 1252, "botY": 1107 },
      { "topX": 1262, "topY": 764, "botX": 1252, "botY": 1107 }
  ],
  "control_json": "{\"calibType\": \"Octagon\", \"facetLength\": 0.598000, \"zeroOffset\": 3.770000, \"drawCalib\": 0, \"drawWaterLineSearchROI\": 0, \"targetRoi_x\": 943, \"targetRoi_y\": 390, \"targetRoi_width\": 389, \"targetRoi_height\": 401, \"searchPoly_lftTop_x\": 1095, \"searchPoly_lftTop_y\": 760, \"searchPoly_rgtTop_x\": 1262, \"searchPoly_rgtTop_y\": 764, \"searchPoly_lftBot_x\": 1252, \"searchPoly_lftBot_y\": 1107, \"searchPoly_rgtBot_x\": 1081, \"searchPoly_rgtBot_y\": 1100, \"calibResult_json\": \"C:/GData/2024.12.18_GRIME2/calib_stopsign.json\"}"
}
