{
  "calibType":"Octagon",
  "imageWidth":2304,
  "imageHeight":1296,
  "facetLength":0.598,
  "zeroOffset":3.77,
  "PixelToWorld": 
  {
    "points": [
      { "pixelX": 862.683, "pixelY": 136.203, "worldX": 0.000, "worldY": 0.000 },
      { "pixelX": 987.032, "pixelY": 135.691, "worldX": 0.598, "worldY": 0.000 },
      { "pixelX": 1079.338, "pixelY": 224.338, "worldX": 1.021, "worldY": -0.423 },
      { "pixelX": 1083.079, "pixelY": 349.633, "worldX": 1.021, "worldY": -1.021 },
      { "pixelX": 1001.107, "pixelY": 432.417, "worldX": 0.598, "worldY": -1.444 },
      { "pixelX": 880.326, "pixelY": 431.174, "worldX": 0.000, "worldY": -1.444 },
      { "pixelX": 788.239, "pixelY": 345.690, "worldX": -0.423, "worldY": -1.021 },
      { "pixelX": 779.560, "pixelY": 225.383, "worldX": -0.423, "worldY": -0.423 }
    ]
  },
  "TargetSearchRegion": 
  {
      "x": 669, "y": 79, "width": 487, "height": 403
  },
  "WaterlineSearchRegion": 
  {
      "toplft_x": 867, "toplft_y": 460, "toprgt_x": 1074, "toprgt_y": 460, "botlft_x": 881, "botlft_y": 762, "botrgt_x": 1081, "botrgt_y": 762
  },
  "SearchLines": [
      { "topX": 867, "topY": 460, "botX": 881, "botY": 762 },
      { "topX": 868, "topY": 460, "botX": 882, "botY": 762 },
      { "topX": 869, "topY": 460, "botX": 883, "botY": 762 },
      { "topX": 870, "topY": 460, "botX": 884, "botY": 762 },
      { "topX": 871, "topY": 460, "botX": 885, "botY": 762 },
      { "topX": 872, "topY": 460, "botX": 886, "botY": 762 },
      { "topX": 873, "topY": 460, "botX": 887, "botY": 762 },
      { "topX": 874, "topY": 460, "botX": 888, "botY": 762 },
      { "topX": 875, "topY": 460, "botX": 889, "botY": 762 },
      { "topX": 876, "topY": 460, "botX": 890, "botY": 762 },
      { "topX": 877, "topY": 460, "botX": 891, "botY": 762 },
      { "topX": 878, "topY": 460, "botX": 892, "botY": 762 },
      { "topX": 879, "topY": 460, "botX": 893, "botY": 762 },
      { "topX": 880, "topY": 460, "botX": 894, "botY": 762 },
      { "topX": 881, "topY": 460, "botX": 895, "botY": 762 },
      { "topX": 882, "topY": 460, "botX": 895, "botY": 762 },
      { "topX": 883, "topY": 460, "botX": 896, "botY": 762 },
      { "topX": 884, "topY": 460, "botX": 897, "botY": 762 },
      { "topX": 885, "topY": 460, "botX": 898, "botY": 762 },
      { "topX": 886, "topY": 460, "botX": 899, "botY": 762 },
      { "topX": 887, "topY": 460, "botX": 900, "botY": 762 },
      { "topX": 888, "topY": 460, "botX": 901, "botY": 762 },
      { "topX": 889, "topY": 460, "botX": 902, "botY": 762 },
      { "topX": 890, "topY": 460, "botX": 903, "botY": 762 },
      { "topX": 891, "topY": 460, "botX": 904, "botY": 762 },
      { "topX": 892, "topY": 460, "botX": 905, "botY": 762 },
      { "topX": 893, "topY": 460, "botX": 906, "botY": 762 },
      { "topX": 894, "topY": 460, "botX": 907, "botY": 762 },
      { "topX": 895, "topY": 460, "botX": 908, "botY": 762 },
      { "topX": 896, "topY": 460, "botX": 909, "botY": 762 },
      { "topX": 897, "topY": 460, "botX": 910, "botY": 762 },
      { "topX": 898, "topY": 460, "botX": 911, "botY": 762 },
      { "topX": 899, "topY": 460, "botX": 912, "botY": 762 },
      { "topX": 900, "topY": 460, "botX": 913, "botY": 762 },
      { "topX": 901, "topY": 460, "botX": 914, "botY": 762 },
      { "topX": 902, "topY": 460, "botX": 915, "botY": 762 },
      { "topX": 903, "topY": 460, "botX": 916, "botY": 762 },
      { "topX": 904, "topY": 460, "botX": 917, "botY": 762 },
      { "topX": 905, "topY": 460, "botX": 918, "botY": 762 },
      { "topX": 906, "topY": 460, "botX": 919, "botY": 762 },
      { "topX": 907, "topY": 460, "botX": 920, "botY": 762 },
      { "topX": 908, "topY": 460, "botX": 921, "botY": 762 },
      { "topX": 909, "topY": 460, "botX": 922, "botY": 762 },
      { "topX": 910, "topY": 460, "botX": 923, "botY": 762 },
      { "topX": 911, "topY": 460, "botX": 924, "botY": 762 },
      { "topX": 912, "topY": 460, "botX": 924, "botY": 762 },
      { "topX": 913, "topY": 460, "botX": 925, "botY": 762 },
      { "topX": 914, "topY": 460, "botX": 926, "botY": 762 },
      { "topX": 915, "topY": 460, "botX": 927, "botY": 762 },
      { "topX": 916, "topY": 460, "botX": 928, "botY": 762 },
      { "topX": 917, "topY": 460, "botX": 929, "botY": 762 },
      { "topX": 918, "topY": 460, "botX": 930, "botY": 762 },
      { "topX": 919, "topY": 460, "botX": 931, "botY": 762 },
      { "topX": 920, "topY": 460, "botX": 932, "botY": 762 },
      { "topX": 921, "topY": 460, "botX": 933, "botY": 762 },
      { "topX": 922, "topY": 460, "botX": 934, "botY": 762 },
      { "topX": 923, "topY": 460, "botX": 935, "botY": 762 },
      { "topX": 924, "topY": 460, "botX": 936, "botY": 762 },
      { "topX": 925, "topY": 460, "botX": 937, "botY": 762 },
      { "topX": 926, "topY": 460, "botX": 938, "botY": 762 },
      { "topX": 927, "topY": 460, "botX": 939, "botY": 762 },
      { "topX": 928, "topY": 460, "botX": 940, "botY": 762 },
      { "topX": 929, "topY": 460, "botX": 941, "botY": 762 },
      { "topX": 930, "topY": 460, "botX": 942, "botY": 762 },
      { "topX": 931, "topY": 460, "botX": 943, "botY": 762 },
      { "topX": 932, "topY": 460, "botX": 944, "botY": 762 },
      { "topX": 933, "topY": 460, "botX": 945, "botY": 762 },
      { "topX": 934, "topY": 460, "botX": 946, "botY": 762 },
      { "topX": 935, "topY": 460, "botX": 947, "botY": 762 },
      { "topX": 936, "topY": 460, "botX": 948, "botY": 762 },
      { "topX": 937, "topY": 460, "botX": 949, "botY": 762 },
      { "topX": 938, "topY": 460, "botX": 950, "botY": 762 },
      { "topX": 939, "topY": 460, "botX": 951, "botY": 762 },
      { "topX": 940, "topY": 460, "botX": 952, "botY": 762 },
      { "topX": 941, "topY": 460, "botX": 952, "botY": 762 },
      { "topX": 942, "topY": 460, "botX": 953, "botY": 762 },
      { "topX": 943, "topY": 460, "botX": 954, "botY": 762 },
      { "topX": 944, "topY": 460, "botX": 955, "botY": 762 },
      { "topX": 945, "topY": 460, "botX": 956, "botY": 762 },
      { "topX": 946, "topY": 460, "botX": 957, "botY": 762 },
      { "topX": 947, "topY": 460, "botX": 958, "botY": 762 },
      { "topX": 948, "topY": 460, "botX": 959, "botY": 762 },
      { "topX": 949, "topY": 460, "botX": 960, "botY": 762 },
      { "topX": 950, "topY": 460, "botX": 961, "botY": 762 },
      { "topX": 951, "topY": 460, "botX": 962, "botY": 762 },
      { "topX": 952, "topY": 460, "botX": 963, "botY": 762 },
      { "topX": 953, "topY": 460, "botX": 964, "botY": 762 },
      { "topX": 954, "topY": 460, "botX": 965, "botY": 762 },
      { "topX": 955, "topY": 460, "botX": 966, "botY": 762 },
      { "topX": 956, "topY": 460, "botX": 967, "botY": 762 },
      { "topX": 957, "topY": 460, "botX": 968, "botY": 762 },
      { "topX": 958, "topY": 460, "botX": 969, "botY": 762 },
      { "topX": 959, "topY": 460, "botX": 970, "botY": 762 },
      { "topX": 960, "topY": 460, "botX": 971, "botY": 762 },
      { "topX": 961, "topY": 460, "botX": 972, "botY": 762 },
      { "topX": 962, "topY": 460, "botX": 973, "botY": 762 },
      { "topX": 963, "topY": 460, "botX": 974, "botY": 762 },
      { "topX": 964, "topY": 460, "botX": 975, "botY": 762 },
      { "topX": 965, "topY": 460, "botX": 976, "botY": 762 },
      { "topX": 966, "topY": 460, "botX": 977, "botY": 762 },
      { "topX": 967, "topY": 460, "botX": 978, "botY": 762 },
      { "topX": 968, "topY": 460, "botX": 979, "botY": 762 },
      { "topX": 969, "topY": 460, "botX": 980, "botY": 762 },
      { "topX": 970, "topY": 460, "botX": 981, "botY": 762 },
      { "topX": 971, "topY": 460, "botX": 981, "botY": 762 },
      { "topX": 972, "topY": 460, "botX": 982, "botY": 762 },
      { "topX": 973, "topY": 460, "botX": 983, "botY": 762 },
      { "topX": 974, "topY": 460, "botX": 984, "botY": 762 },
      { "topX": 975, "topY": 460, "botX": 985, "botY": 762 },
      { "topX": 976, "topY": 460, "botX": 986, "botY": 762 },
      { "topX": 977, "topY": 460, "botX": 987, "botY": 762 },
      { "topX": 978, "topY": 460, "botX": 988, "botY": 762 },
      { "topX": 979, "topY": 460, "botX": 989, "botY": 762 },
      { "topX": 980, "topY": 460, "botX": 990, "botY": 762 },
      { "topX": 981, "topY": 460, "botX": 991, "botY": 762 },
      { "topX": 982, "topY": 460, "botX": 992, "botY": 762 },
      { "topX": 983, "topY": 460, "botX": 993, "botY": 762 },
      { "topX": 984, "topY": 460, "botX": 994, "botY": 762 },
      { "topX": 985, "topY": 460, "botX": 995, "botY": 762 },
      { "topX": 986, "topY": 460, "botX": 996, "botY": 762 },
      { "topX": 987, "topY": 460, "botX": 997, "botY": 762 },
      { "topX": 988, "topY": 460, "botX": 998, "botY": 762 },
      { "topX": 989, "topY": 460, "botX": 999, "botY": 762 },
      { "topX": 990, "topY": 460, "botX": 1000, "botY": 762 },
      { "topX": 991, "topY": 460, "botX": 1001, "botY": 762 },
      { "topX": 992, "topY": 460, "botX": 1002, "botY": 762 },
      { "topX": 993, "topY": 460, "botX": 1003, "botY": 762 },
      { "topX": 994, "topY": 460, "botX": 1004, "botY": 762 },
      { "topX": 995, "topY": 460, "botX": 1005, "botY": 762 },
      { "topX": 996, "topY": 460, "botX": 1006, "botY": 762 },
      { "topX": 997, "topY": 460, "botX": 1007, "botY": 762 },
      { "topX": 998, "topY": 460, "botX": 1008, "botY": 762 },
      { "topX": 999, "topY": 460, "botX": 1009, "botY": 762 },
      { "topX": 1000, "topY": 460, "botX": 1010, "botY": 762 },
      { "topX": 1001, "topY": 460, "botX": 1010, "botY": 762 },
      { "topX": 1002, "topY": 460, "botX": 1011, "botY": 762 },
      { "topX": 1003, "topY": 460, "botX": 1012, "botY": 762 },
      { "topX": 1004, "topY": 460, "botX": 1013, "botY": 762 },
      { "topX": 1005, "topY": 460, "botX": 1014, "botY": 762 },
      { "topX": 1006, "topY": 460, "botX": 1015, "botY": 762 },
      { "topX": 1007, "topY": 460, "botX": 1016, "botY": 762 },
      { "topX": 1008, "topY": 460, "botX": 1017, "botY": 762 },
      { "topX": 1009, "topY": 460, "botX": 1018, "botY": 762 },
      { "topX": 1010, "topY": 460, "botX": 1019, "botY": 762 },
      { "topX": 1011, "topY": 460, "botX": 1020, "botY": 762 },
      { "topX": 1012, "topY": 460, "botX": 1021, "botY": 762 },
      { "topX": 1013, "topY": 460, "botX": 1022, "botY": 762 },
      { "topX": 1014, "topY": 460, "botX": 1023, "botY": 762 },
      { "topX": 1015, "topY": 460, "botX": 1024, "botY": 762 },
      { "topX": 1016, "topY": 460, "botX": 1025, "botY": 762 },
      { "topX": 1017, "topY": 460, "botX": 1026, "botY": 762 },
      { "topX": 1018, "topY": 460, "botX": 1027, "botY": 762 },
      { "topX": 1019, "topY": 460, "botX": 1028, "botY": 762 },
      { "topX": 1020, "topY": 460, "botX": 1029, "botY": 762 },
      { "topX": 1021, "topY": 460, "botX": 1030, "botY": 762 },
      { "topX": 1022, "topY": 460, "botX": 1031, "botY": 762 },
      { "topX": 1023, "topY": 460, "botX": 1032, "botY": 762 },
      { "topX": 1024, "topY": 460, "botX": 1033, "botY": 762 },
      { "topX": 1025, "topY": 460, "botX": 1034, "botY": 762 },
      { "topX": 1026, "topY": 460, "botX": 1035, "botY": 762 },
      { "topX": 1027, "topY": 460, "botX": 1036, "botY": 762 },
      { "topX": 1028, "topY": 460, "botX": 1037, "botY": 762 },
      { "topX": 1029, "topY": 460, "botX": 1038, "botY": 762 },
      { "topX": 1030, "topY": 460, "botX": 1038, "botY": 762 },
      { "topX": 1031, "topY": 460, "botX": 1039, "botY": 762 },
      { "topX": 1032, "topY": 460, "botX": 1040, "botY": 762 },
      { "topX": 1033, "topY": 460, "botX": 1041, "botY": 762 },
      { "topX": 1034, "topY": 460, "botX": 1042, "botY": 762 },
      { "topX": 1035, "topY": 460, "botX": 1043, "botY": 762 },
      { "topX": 1036, "topY": 460, "botX": 1044, "botY": 762 },
      { "topX": 1037, "topY": 460, "botX": 1045, "botY": 762 },
      { "topX": 1038, "topY": 460, "botX": 1046, "botY": 762 },
      { "topX": 1039, "topY": 460, "botX": 1047, "botY": 762 },
      { "topX": 1040, "topY": 460, "botX": 1048, "botY": 762 },
      { "topX": 1041, "topY": 460, "botX": 1049, "botY": 762 },
      { "topX": 1042, "topY": 460, "botX": 1050, "botY": 762 },
      { "topX": 1043, "topY": 460, "botX": 1051, "botY": 762 },
      { "topX": 1044, "topY": 460, "botX": 1052, "botY": 762 },
      { "topX": 1045, "topY": 460, "botX": 1053, "botY": 762 },
      { "topX": 1046, "topY": 460, "botX": 1054, "botY": 762 },
      { "topX": 1047, "topY": 460, "botX": 1055, "botY": 762 },
      { "topX": 1048, "topY": 460, "botX": 1056, "botY": 762 },
      { "topX": 1049, "topY": 460, "botX": 1057, "botY": 762 },
      { "topX": 1050, "topY": 460, "botX": 1058, "botY": 762 },
      { "topX": 1051, "topY": 460, "botX": 1059, "botY": 762 },
      { "topX": 1052, "topY": 460, "botX": 1060, "botY": 762 },
      { "topX": 1053, "topY": 460, "botX": 1061, "botY": 762 },
      { "topX": 1054, "topY": 460, "botX": 1062, "botY": 762 },
      { "topX": 1055, "topY": 460, "botX": 1063, "botY": 762 },
      { "topX": 1056, "topY": 460, "botX": 1064, "botY": 762 },
      { "topX": 1057, "topY": 460, "botX": 1065, "botY": 762 },
      { "topX": 1058, "topY": 460, "botX": 1066, "botY": 762 },
      { "topX": 1059, "topY": 460, "botX": 1067, "botY": 762 },
      { "topX": 1060, "topY": 460, "botX": 1067, "botY": 762 },
      { "topX": 1061, "topY": 460, "botX": 1068, "botY": 762 },
      { "topX": 1062, "topY": 460, "botX": 1069, "botY": 762 },
      { "topX": 1063, "topY": 460, "botX": 1070, "botY": 762 },
      { "topX": 1064, "topY": 460, "botX": 1071, "botY": 762 },
      { "topX": 1065, "topY": 460, "botX": 1072, "botY": 762 },
      { "topX": 1066, "topY": 460, "botX": 1073, "botY": 762 },
      { "topX": 1067, "topY": 460, "botX": 1074, "botY": 762 },
      { "topX": 1068, "topY": 460, "botX": 1075, "botY": 762 },
      { "topX": 1069, "topY": 460, "botX": 1076, "botY": 762 },
      { "topX": 1070, "topY": 460, "botX": 1077, "botY": 762 },
      { "topX": 1071, "topY": 460, "botX": 1078, "botY": 762 },
      { "topX": 1072, "topY": 460, "botX": 1079, "botY": 762 },
      { "topX": 1073, "topY": 460, "botX": 1080, "botY": 762 },
      { "topX": 1074, "topY": 460, "botX": 1081, "botY": 762 },
      { "topX": 1074, "topY": 460, "botX": 1081, "botY": 762 }
  ],
  "control_json": "{\"calibType\": \"Octagon\", \"facetLength\": 0.598000, \"zeroOffset\": 3.770000, \"drawCalib\": 0, \"drawWaterLineSearchROI\": 0, \"targetRoi_x\": 669, \"targetRoi_y\": 79, \"targetRoi_width\": 487, \"targetRoi_height\": 403, \"searchPoly_lftTop_x\": 867, \"searchPoly_lftTop_y\": 460, \"searchPoly_rgtTop_x\": 1074, \"searchPoly_rgtTop_y\": 460, \"searchPoly_lftBot_x\": 1081, \"searchPoly_lftBot_y\": 762, \"searchPoly_rgtBot_x\": 881, \"searchPoly_rgtBot_y\": 762, \"calibResult_json\": \"C:/GData/2024.12.18_GRIME2/calib_stopsign_20221101_20221115.json\"}"
}
