{
  "calibType":"Octagon",
  "imageWidth":2304,
  "imageHeight":1296,
  "facetLength":0.598,
  "zeroOffset":3.77,
  "PixelToWorld": 
  {
    "points": [
      { "pixelX": 1085.364, "pixelY": 444.387, "worldX": 0.000, "worldY": 0.000 },
      { "pixelX": 1177.615, "pixelY": 446.713, "worldX": 0.598, "worldY": 0.000 },
      { "pixelX": 1244.378, "pixelY": 517.522, "worldX": 1.021, "worldY": -0.423 },
      { "pixelX": 1241.306, "pixelY": 612.226, "worldX": 1.021, "worldY": -1.021 },
      { "pixelX": 1171.046, "pixelY": 677.780, "worldX": 0.598, "worldY": -1.444 },
      { "pixelX": 1077.683, "pixelY": 674.903, "worldX": 0.000, "worldY": -1.444 },
      { "pixelX": 1011.541, "pixelY": 604.991, "worldX": -0.423, "worldY": -1.021 },
      { "pixelX": 1014.587, "pixelY": 511.082, "worldX": -0.423, "worldY": -0.423 }
    ]
  },
  "TargetSearchRegion": 
  {
      "x": 951, "y": 375, "width": 358, "height": 371
  },
  "WaterlineSearchRegion": 
  {
      "toplft_x": 1079, "toplft_y": 738, "toprgt_x": 1240, "toprgt_y": 743, "botlft_x": 1068, "botlft_y": 1047, "botrgt_x": 1226, "botrgt_y": 1051
  },
  "SearchLines": [
      { "topX": 1079, "topY": 738, "botX": 1068, "botY": 1047 },
      { "topX": 1080, "topY": 738, "botX": 1069, "botY": 1047 },
      { "topX": 1081, "topY": 738, "botX": 1070, "botY": 1047 },
      { "topX": 1082, "topY": 738, "botX": 1071, "botY": 1047 },
      { "topX": 1083, "topY": 738, "botX": 1072, "botY": 1047 },
      { "topX": 1084, "topY": 738, "botX": 1073, "botY": 1047 },
      { "topX": 1085, "topY": 738, "botX": 1074, "botY": 1047 },
      { "topX": 1086, "topY": 738, "botX": 1075, "botY": 1047 },
      { "topX": 1087, "topY": 738, "botX": 1076, "botY": 1047 },
      { "topX": 1088, "topY": 738, "botX": 1077, "botY": 1047 },
      { "topX": 1089, "topY": 738, "botX": 1078, "botY": 1047 },
      { "topX": 1090, "topY": 738, "botX": 1079, "botY": 1047 },
      { "topX": 1091, "topY": 738, "botX": 1080, "botY": 1047 },
      { "topX": 1092, "topY": 738, "botX": 1081, "botY": 1047 },
      { "topX": 1093, "topY": 738, "botX": 1082, "botY": 1047 },
      { "topX": 1094, "topY": 738, "botX": 1083, "botY": 1047 },
      { "topX": 1095, "topY": 738, "botX": 1084, "botY": 1047 },
      { "topX": 1096, "topY": 739, "botX": 1085, "botY": 1047 },
      { "topX": 1097, "topY": 739, "botX": 1086, "botY": 1047 },
      { "topX": 1098, "topY": 739, "botX": 1087, "botY": 1047 },
      { "topX": 1099, "topY": 739, "botX": 1088, "botY": 1047 },
      { "topX": 1100, "topY": 739, "botX": 1089, "botY": 1048 },
      { "topX": 1101, "topY": 739, "botX": 1090, "botY": 1048 },
      { "topX": 1102, "topY": 739, "botX": 1091, "botY": 1048 },
      { "topX": 1103, "topY": 739, "botX": 1092, "botY": 1048 },
      { "topX": 1104, "topY": 739, "botX": 1093, "botY": 1048 },
      { "topX": 1105, "topY": 739, "botX": 1094, "botY": 1048 },
      { "topX": 1106, "topY": 739, "botX": 1094, "botY": 1048 },
      { "topX": 1107, "topY": 739, "botX": 1095, "botY": 1048 },
      { "topX": 1108, "topY": 739, "botX": 1096, "botY": 1048 },
      { "topX": 1109, "topY": 739, "botX": 1097, "botY": 1048 },
      { "topX": 1110, "topY": 739, "botX": 1098, "botY": 1048 },
      { "topX": 1111, "topY": 739, "botX": 1099, "botY": 1048 },
      { "topX": 1112, "topY": 739, "botX": 1100, "botY": 1048 },
      { "topX": 1113, "topY": 739, "botX": 1101, "botY": 1048 },
      { "topX": 1114, "topY": 739, "botX": 1102, "botY": 1048 },
      { "topX": 1115, "topY": 739, "botX": 1103, "botY": 1048 },
      { "topX": 1116, "topY": 739, "botX": 1104, "botY": 1048 },
      { "topX": 1117, "topY": 739, "botX": 1105, "botY": 1048 },
      { "topX": 1118, "topY": 739, "botX": 1106, "botY": 1048 },
      { "topX": 1119, "topY": 739, "botX": 1107, "botY": 1048 },
      { "topX": 1120, "topY": 739, "botX": 1108, "botY": 1048 },
      { "topX": 1121, "topY": 739, "botX": 1109, "botY": 1048 },
      { "topX": 1122, "topY": 739, "botX": 1110, "botY": 1048 },
      { "topX": 1123, "topY": 739, "botX": 1111, "botY": 1048 },
      { "topX": 1124, "topY": 739, "botX": 1112, "botY": 1048 },
      { "topX": 1125, "topY": 739, "botX": 1113, "botY": 1048 },
      { "topX": 1126, "topY": 739, "botX": 1114, "botY": 1048 },
      { "topX": 1127, "topY": 739, "botX": 1115, "botY": 1048 },
      { "topX": 1128, "topY": 740, "botX": 1116, "botY": 1048 },
      { "topX": 1129, "topY": 740, "botX": 1117, "botY": 1048 },
      { "topX": 1130, "topY": 740, "botX": 1118, "botY": 1048 },
      { "topX": 1131, "topY": 740, "botX": 1119, "botY": 1048 },
      { "topX": 1132, "topY": 740, "botX": 1120, "botY": 1048 },
      { "topX": 1133, "topY": 740, "botX": 1121, "botY": 1048 },
      { "topX": 1134, "topY": 740, "botX": 1122, "botY": 1048 },
      { "topX": 1135, "topY": 740, "botX": 1123, "botY": 1048 },
      { "topX": 1136, "topY": 740, "botX": 1124, "botY": 1048 },
      { "topX": 1137, "topY": 740, "botX": 1125, "botY": 1048 },
      { "topX": 1138, "topY": 740, "botX": 1126, "botY": 1048 },
      { "topX": 1139, "topY": 740, "botX": 1127, "botY": 1048 },
      { "topX": 1140, "topY": 740, "botX": 1128, "botY": 1049 },
      { "topX": 1141, "topY": 740, "botX": 1129, "botY": 1049 },
      { "topX": 1142, "topY": 740, "botX": 1130, "botY": 1049 },
      { "topX": 1143, "topY": 740, "botX": 1131, "botY": 1049 },
      { "topX": 1144, "topY": 740, "botX": 1132, "botY": 1049 },
      { "topX": 1145, "topY": 740, "botX": 1133, "botY": 1049 },
      { "topX": 1146, "topY": 740, "botX": 1134, "botY": 1049 },
      { "topX": 1147, "topY": 740, "botX": 1135, "botY": 1049 },
      { "topX": 1148, "topY": 740, "botX": 1136, "botY": 1049 },
      { "topX": 1149, "topY": 740, "botX": 1137, "botY": 1049 },
      { "topX": 1150, "topY": 740, "botX": 1138, "botY": 1049 },
      { "topX": 1151, "topY": 740, "botX": 1139, "botY": 1049 },
      { "topX": 1152, "topY": 740, "botX": 1140, "botY": 1049 },
      { "topX": 1153, "topY": 740, "botX": 1141, "botY": 1049 },
      { "topX": 1154, "topY": 740, "botX": 1142, "botY": 1049 },
      { "topX": 1155, "topY": 740, "botX": 1143, "botY": 1049 },
      { "topX": 1156, "topY": 740, "botX": 1144, "botY": 1049 },
      { "topX": 1157, "topY": 740, "botX": 1145, "botY": 1049 },
      { "topX": 1158, "topY": 740, "botX": 1146, "botY": 1049 },
      { "topX": 1159, "topY": 740, "botX": 1147, "botY": 1049 },
      { "topX": 1160, "topY": 741, "botX": 1147, "botY": 1049 },
      { "topX": 1161, "topY": 741, "botX": 1148, "botY": 1049 },
      { "topX": 1162, "topY": 741, "botX": 1149, "botY": 1049 },
      { "topX": 1163, "topY": 741, "botX": 1150, "botY": 1049 },
      { "topX": 1164, "topY": 741, "botX": 1151, "botY": 1049 },
      { "topX": 1165, "topY": 741, "botX": 1152, "botY": 1049 },
      { "topX": 1166, "topY": 741, "botX": 1153, "botY": 1049 },
      { "topX": 1167, "topY": 741, "botX": 1154, "botY": 1049 },
      { "topX": 1168, "topY": 741, "botX": 1155, "botY": 1049 },
      { "topX": 1169, "topY": 741, "botX": 1156, "botY": 1049 },
      { "topX": 1170, "topY": 741, "botX": 1157, "botY": 1049 },
      { "topX": 1171, "topY": 741, "botX": 1158, "botY": 1049 },
      { "topX": 1172, "topY": 741, "botX": 1159, "botY": 1049 },
      { "topX": 1173, "topY": 741, "botX": 1160, "botY": 1049 },
      { "topX": 1174, "topY": 741, "botX": 1161, "botY": 1049 },
      { "topX": 1175, "topY": 741, "botX": 1162, "botY": 1049 },
      { "topX": 1176, "topY": 741, "botX": 1163, "botY": 1049 },
      { "topX": 1177, "topY": 741, "botX": 1164, "botY": 1049 },
      { "topX": 1178, "topY": 741, "botX": 1165, "botY": 1049 },
      { "topX": 1179, "topY": 741, "botX": 1166, "botY": 1049 },
      { "topX": 1180, "topY": 741, "botX": 1167, "botY": 1050 },
      { "topX": 1181, "topY": 741, "botX": 1168, "botY": 1050 },
      { "topX": 1182, "topY": 741, "botX": 1169, "botY": 1050 },
      { "topX": 1183, "topY": 741, "botX": 1170, "botY": 1050 },
      { "topX": 1184, "topY": 741, "botX": 1171, "botY": 1050 },
      { "topX": 1185, "topY": 741, "botX": 1172, "botY": 1050 },
      { "topX": 1186, "topY": 741, "botX": 1173, "botY": 1050 },
      { "topX": 1187, "topY": 741, "botX": 1174, "botY": 1050 },
      { "topX": 1188, "topY": 741, "botX": 1175, "botY": 1050 },
      { "topX": 1189, "topY": 741, "botX": 1176, "botY": 1050 },
      { "topX": 1190, "topY": 741, "botX": 1177, "botY": 1050 },
      { "topX": 1191, "topY": 741, "botX": 1178, "botY": 1050 },
      { "topX": 1192, "topY": 742, "botX": 1179, "botY": 1050 },
      { "topX": 1193, "topY": 742, "botX": 1180, "botY": 1050 },
      { "topX": 1194, "topY": 742, "botX": 1181, "botY": 1050 },
      { "topX": 1195, "topY": 742, "botX": 1182, "botY": 1050 },
      { "topX": 1196, "topY": 742, "botX": 1183, "botY": 1050 },
      { "topX": 1197, "topY": 742, "botX": 1184, "botY": 1050 },
      { "topX": 1198, "topY": 742, "botX": 1185, "botY": 1050 },
      { "topX": 1199, "topY": 742, "botX": 1186, "botY": 1050 },
      { "topX": 1200, "topY": 742, "botX": 1187, "botY": 1050 },
      { "topX": 1201, "topY": 742, "botX": 1188, "botY": 1050 },
      { "topX": 1202, "topY": 742, "botX": 1189, "botY": 1050 },
      { "topX": 1203, "topY": 742, "botX": 1190, "botY": 1050 },
      { "topX": 1204, "topY": 742, "botX": 1191, "botY": 1050 },
      { "topX": 1205, "topY": 742, "botX": 1192, "botY": 1050 },
      { "topX": 1206, "topY": 742, "botX": 1193, "botY": 1050 },
      { "topX": 1207, "topY": 742, "botX": 1194, "botY": 1050 },
      { "topX": 1208, "topY": 742, "botX": 1195, "botY": 1050 },
      { "topX": 1209, "topY": 742, "botX": 1196, "botY": 1050 },
      { "topX": 1210, "topY": 742, "botX": 1197, "botY": 1050 },
      { "topX": 1211, "topY": 742, "botX": 1198, "botY": 1050 },
      { "topX": 1212, "topY": 742, "botX": 1199, "botY": 1050 },
      { "topX": 1213, "topY": 742, "botX": 1200, "botY": 1050 },
      { "topX": 1214, "topY": 742, "botX": 1200, "botY": 1050 },
      { "topX": 1215, "topY": 742, "botX": 1201, "botY": 1050 },
      { "topX": 1216, "topY": 742, "botX": 1202, "botY": 1050 },
      { "topX": 1217, "topY": 742, "botX": 1203, "botY": 1050 },
      { "topX": 1218, "topY": 742, "botX": 1204, "botY": 1050 },
      { "topX": 1219, "topY": 742, "botX": 1205, "botY": 1050 },
      { "topX": 1220, "topY": 742, "botX": 1206, "botY": 1051 },
      { "topX": 1221, "topY": 742, "botX": 1207, "botY": 1051 },
      { "topX": 1222, "topY": 742, "botX": 1208, "botY": 1051 },
      { "topX": 1223, "topY": 742, "botX": 1209, "botY": 1051 },
      { "topX": 1224, "topY": 743, "botX": 1210, "botY": 1051 },
      { "topX": 1225, "topY": 743, "botX": 1211, "botY": 1051 },
      { "topX": 1226, "topY": 743, "botX": 1212, "botY": 1051 },
      { "topX": 1227, "topY": 743, "botX": 1213, "botY": 1051 },
      { "topX": 1228, "topY": 743, "botX": 1214, "botY": 1051 },
      { "topX": 1229, "topY": 743, "botX": 1215, "botY": 1051 },
      { "topX": 1230, "topY": 743, "botX": 1216, "botY": 1051 },
      { "topX": 1231, "topY": 743, "botX": 1217, "botY": 1051 },
      { "topX": 1232, "topY": 743, "botX": 1218, "botY": 1051 },
      { "topX": 1233, "topY": 743, "botX": 1219, "botY": 1051 },
      { "topX": 1234, "topY": 743, "botX": 1220, "botY": 1051 },
      { "topX": 1235, "topY": 743, "botX": 1221, "botY": 1051 },
      { "topX": 1236, "topY": 743, "botX": 1222, "botY": 1051 },
      { "topX": 1237, "topY": 743, "botX": 1223, "botY": 1051 },
      { "topX": 1238, "topY": 743, "botX": 1224, "botY": 1051 },
      { "topX": 1239, "topY": 743, "botX": 1225, "botY": 1051 },
      { "topX": 1240, "topY": 743, "botX": 1226, "botY": 1051 },
      { "topX": 1240, "topY": 743, "botX": 1226, "botY": 1051 }
  ],
  "control_json": "{\"calibType\": \"Octagon\", \"facetLength\": 0.598000, \"zeroOffset\": 3.770000, \"drawCalib\": 0, \"drawWaterLineSearchROI\": 0, \"targetRoi_x\": 951, \"targetRoi_y\": 375, \"targetRoi_width\": 358, \"targetRoi_height\": 371, \"searchPoly_lftTop_x\": 1079, \"searchPoly_lftTop_y\": 738, \"searchPoly_rgtTop_x\": 1240, \"searchPoly_rgtTop_y\": 743, \"searchPoly_lftBot_x\": 1226, \"searchPoly_lftBot_y\": 1051, \"searchPoly_rgtBot_x\": 1068, \"searchPoly_rgtBot_y\": 1047, \"calibResult_json\": \"C:/GData/2024.12.18_GRIME2/calib_stopsign_20220808_20220812.json\"}"
}
